{
  "final-4o": {
    "enhanced": {
      "accuracy": 89.58333333333334,
      "total": 240
    },
    "derelict": {
      "accuracy": 87.91666666666667,
      "total": 240
    }
  },
  "final-4o-mini": {
    "enhanced": {
      "accuracy": 82.5,
      "total": 240
    },
    "derelict": {
      "accuracy": 76.66666666666667,
      "total": 240
    }
  }
}